{"cameraMode":{"drawMode":0,"name":"Shaded","section":"Shading Mode"},"sceneLighting":false,"audioPlay":false,"sceneViewState":{"showFog":true,"showMaterialUpdate":true,"showSkybox":false,"showFlares":true,"showImageEffects":true,"showParticleSystems":true},"in2DMode":false,"pivot":{"x":36.83611297607422,"y":0.981132447719574,"z":5.841789245605469},"rotation":{"x":0.00837829988449812,"y":0.06894277781248093,"z":-0.0005791051080450416,"w":0.9975859522819519},"size":1.571892499923706,"orthographic":false}