{"cameraMode":{"drawMode":0,"name":"Shaded","section":"Shading Mode"},"sceneLighting":false,"audioPlay":false,"sceneViewState":{"showFog":true,"showMaterialUpdate":true,"showSkybox":false,"showFlares":true,"showImageEffects":true,"showParticleSystems":true},"in2DMode":false,"pivot":{"x":-13.997655868530274,"y":4.7913665771484379,"z":-1.7208590507507325},"rotation":{"x":0.07281769067049027,"y":0.020943451672792436,"z":-0.0015295008197426797,"w":0.9971291422843933},"size":1.7114486694335938,"orthographic":false}