{"cameraMode":{"drawMode":0,"name":"Shaded","section":"Shading Mode"},"sceneLighting":false,"audioPlay":false,"sceneViewState":{"showFog":true,"showMaterialUpdate":true,"showSkybox":false,"showFlares":true,"showImageEffects":true,"showParticleSystems":true},"in2DMode":false,"pivot":{"x":23.61457061767578,"y":11.483712196350098,"z":-20.60726547241211},"rotation":{"x":0.10841310024261475,"y":-0.07002443820238114,"z":0.007655803579837084,"w":0.9916079044342041},"size":28.471817016601564,"orthographic":false}