{"cameraMode":{"drawMode":0,"name":"Shaded","section":"Shading Mode"},"sceneLighting":false,"audioPlay":false,"sceneViewState":{"showFog":true,"showMaterialUpdate":true,"showSkybox":false,"showFlares":true,"showImageEffects":true,"showParticleSystems":true},"in2DMode":false,"pivot":{"x":-1.8773657083511353,"y":3.9316725730895998,"z":-25.98305892944336},"rotation":{"x":0.2883587181568146,"y":-0.3099586069583893,"z":0.099253349006176,"w":0.9005144238471985},"size":0.981909453868866,"orthographic":false}