{"cameraMode":{"drawMode":0,"name":"Shaded","section":"Shading Mode"},"sceneLighting":false,"audioPlay":false,"sceneViewState":{"showFog":true,"showMaterialUpdate":true,"showSkybox":false,"showFlares":true,"showImageEffects":true,"showParticleSystems":true},"in2DMode":false,"pivot":{"x":8.352959632873536,"y":16.89249610900879,"z":-2.922795534133911},"rotation":{"x":0.003923173062503338,"y":-0.9956552386283875,"z":0.07871869951486588,"w":0.04962092638015747},"size":0.7843203544616699,"orthographic":false}