{"cameraMode":{"drawMode":0,"name":"Shaded","section":"Shading Mode"},"sceneLighting":false,"audioPlay":false,"sceneViewState":{"showFog":true,"showMaterialUpdate":true,"showSkybox":false,"showFlares":true,"showImageEffects":true,"showParticleSystems":true},"in2DMode":false,"pivot":{"x":-1.5433330535888672,"y":-9.432231903076172,"z":11.104503631591797},"rotation":{"x":0.15032485127449037,"y":0.0044488199055194859,"z":-0.0006765042198821902,"w":0.9886265993118286},"size":25.911693572998048,"orthographic":false}