{"cameraMode":{"drawMode":0,"name":"Shaded","section":"Shading Mode"},"sceneLighting":false,"audioPlay":false,"sceneViewState":{"showFog":true,"showMaterialUpdate":true,"showSkybox":false,"showFlares":true,"showImageEffects":true,"showParticleSystems":true},"in2DMode":false,"pivot":{"x":4.559515476226807,"y":3.734220504760742,"z":-3.907186985015869},"rotation":{"x":0.1219673603773117,"y":-0.1864226758480072,"z":0.02333029732108116,"w":0.9745904803276062},"size":2.9658308029174806,"orthographic":false}