{"cameraMode":{"drawMode":0,"name":"Shaded","section":"Shading Mode"},"sceneLighting":false,"audioPlay":false,"sceneViewState":{"showFog":true,"showMaterialUpdate":true,"showSkybox":false,"showFlares":true,"showImageEffects":true,"showParticleSystems":true},"in2DMode":false,"pivot":{"x":3.901758909225464,"y":-0.27782678604125979,"z":2.1985929012298586},"rotation":{"x":0.37011927366256716,"y":-0.0737396627664566,"z":0.02948645129799843,"w":0.925588071346283},"size":3.2178449630737306,"orthographic":false}