{"cameraMode":{"drawMode":0,"name":"Shaded","section":"Shading Mode"},"sceneLighting":false,"audioPlay":false,"sceneViewState":{"showFog":true,"showMaterialUpdate":true,"showSkybox":false,"showFlares":true,"showImageEffects":true,"showParticleSystems":true},"in2DMode":false,"pivot":{"x":29.369958877563478,"y":47.196285247802737,"z":-77.34254455566406},"rotation":{"x":0.13547290861606599,"y":-0.010403056629002095,"z":0.0014224598417058588,"w":0.9907264709472656},"size":17.076335906982423,"orthographic":false}