{"cameraMode":{"drawMode":0,"name":"Shaded","section":"Shading Mode"},"sceneLighting":false,"audioPlay":false,"sceneViewState":{"showFog":true,"showMaterialUpdate":true,"showSkybox":false,"showFlares":true,"showImageEffects":true,"showParticleSystems":true},"in2DMode":false,"pivot":{"x":-10.171451568603516,"y":15.266916275024414,"z":16.81021499633789},"rotation":{"x":0.11848849803209305,"y":0.7715370059013367,"z":-0.1507018506526947,"w":0.6066160202026367},"size":14.982625961303711,"orthographic":false}