{"cameraMode":{"drawMode":0,"name":"Shaded","section":"Shading Mode"},"sceneLighting":false,"audioPlay":false,"sceneViewState":{"showFog":true,"showMaterialUpdate":true,"showSkybox":false,"showFlares":true,"showImageEffects":true,"showParticleSystems":true},"in2DMode":false,"pivot":{"x":28.29741859436035,"y":-8.548962593078614,"z":32.79461669921875},"rotation":{"x":0.1376674622297287,"y":-0.10527504980564118,"z":0.014717299491167069,"w":0.9847579002380371},"size":33.568389892578128,"orthographic":false}