{"cameraMode":{"drawMode":0,"name":"Shaded","section":"Shading Mode"},"sceneLighting":false,"audioPlay":false,"sceneViewState":{"showFog":true,"showMaterialUpdate":true,"showSkybox":false,"showFlares":true,"showImageEffects":true,"showParticleSystems":true},"in2DMode":false,"pivot":{"x":5.890463352203369,"y":1.9723179340362549,"z":-0.30740928649902346},"rotation":{"x":-0.11226170510053635,"y":0.0044715371914207939,"z":0.0005051715997979045,"w":0.9936686754226685},"size":3.3454792499542238,"orthographic":false}