{"cameraMode":{"drawMode":0,"name":"Shaded","section":"Shading Mode"},"sceneLighting":false,"audioPlay":false,"sceneViewState":{"showFog":true,"showMaterialUpdate":true,"showSkybox":false,"showFlares":true,"showImageEffects":true,"showParticleSystems":true},"in2DMode":false,"pivot":{"x":41.93576431274414,"y":13.262136459350586,"z":-23.113876342773439},"rotation":{"x":0.12354135513305664,"y":0.025301801040768625,"z":-0.0031509778928011657,"w":0.992012619972229},"size":27.03234100341797,"orthographic":false}