{"cameraMode":{"drawMode":0,"name":"Shaded","section":"Shading Mode"},"sceneLighting":false,"audioPlay":false,"sceneViewState":{"showFog":true,"showMaterialUpdate":true,"showSkybox":false,"showFlares":true,"showImageEffects":true,"showParticleSystems":true},"in2DMode":false,"pivot":{"x":3.09839129447937,"y":-0.7880496978759766,"z":22.38733673095703},"rotation":{"x":0.4993670582771301,"y":-0.009096936322748661,"z":0.0052431803196668629,"w":0.8663301467895508},"size":12.188733100891114,"orthographic":false}