{"cameraMode":{"drawMode":0,"name":"Shaded","section":"Shading Mode"},"sceneLighting":false,"audioPlay":false,"sceneViewState":{"showFog":true,"showMaterialUpdate":true,"showSkybox":false,"showFlares":true,"showImageEffects":true,"showParticleSystems":true},"in2DMode":false,"pivot":{"x":8.87801456451416,"y":16.63563346862793,"z":-4.693106174468994},"rotation":{"x":0.003923173062503338,"y":-0.9956552386283875,"z":0.07871869951486588,"w":0.04962092638015747},"size":2.2850308418273927,"orthographic":false}