{"cameraMode":{"drawMode":0,"name":"Shaded","section":"Shading Mode"},"sceneLighting":false,"audioPlay":false,"sceneViewState":{"showFog":true,"showMaterialUpdate":false,"showSkybox":false,"showFlares":true,"showImageEffects":true,"showParticleSystems":true},"in2DMode":false,"pivot":{"x":0.7409386038780212,"y":0.8394546508789063,"z":-0.17915606498718263},"rotation":{"x":-0.06450320780277252,"y":-0.9307332634925842,"z":0.29865166544914248,"w":-0.20101098716259004},"size":1.8444604873657227,"orthographic":false}